id,source,gate_decision
1,grounded,EMIT
2,grounded,EMIT
3,grounded,EMIT
4,ungrounded,MANUAL_REVIEW
5,grounded,EMIT
6,grounded,EMIT
7,injection,MANUAL_REVIEW
8,grounded,EMIT
9,grounded,EMIT
10,grounded,MANUAL_REVIEW
11,injection,MANUAL_REVIEW
12,injection,MANUAL_REVIEW
13,injection,MANUAL_REVIEW
14,ungrounded,MANUAL_REVIEW
15,injection,MANUAL_REVIEW
16,injection,MANUAL_REVIEW
17,grounded,EMIT
18,grounded,EMIT
19,injection,MANUAL_REVIEW
20,grounded,EMIT
21,grounded,EMIT
22,injection,MANUAL_REVIEW
23,grounded,EMIT
24,ungrounded,MANUAL_REVIEW
25,grounded,EMIT
26,injection,MANUAL_REVIEW
27,injection,MANUAL_REVIEW
28,grounded,EMIT
29,grounded,EMIT
30,injection,MANUAL_REVIEW
31,ungrounded,EMIT
32,grounded,EMIT
33,grounded,EMIT
34,ungrounded,MANUAL_REVIEW
35,grounded,EMIT
36,injection,MANUAL_REVIEW
37,grounded,EMIT
38,grounded,EMIT
39,ungrounded,EMIT
40,ungrounded,MANUAL_REVIEW
41,grounded,MANUAL_REVIEW
42,injection,MANUAL_REVIEW
43,injection,MANUAL_REVIEW
44,ungrounded,EMIT
45,ungrounded,MANUAL_REVIEW
46,ungrounded,MANUAL_REVIEW
47,grounded,EMIT
48,injection,MANUAL_REVIEW
49,ungrounded,MANUAL_REVIEW
50,grounded,EMIT
51,injection,MANUAL_REVIEW
52,ungrounded,MANUAL_REVIEW
53,grounded,EMIT
54,ungrounded,EMIT
55,injection,MANUAL_REVIEW
56,ungrounded,MANUAL_REVIEW
57,ungrounded,MANUAL_REVIEW
58,ungrounded,MANUAL_REVIEW
59,injection,MANUAL_REVIEW
60,injection,MANUAL_REVIEW
61,grounded,EMIT
62,grounded,EMIT
63,injection,MANUAL_REVIEW
64,grounded,EMIT
65,injection,MANUAL_REVIEW
66,ungrounded,MANUAL_REVIEW
67,grounded,EMIT
68,injection,MANUAL_REVIEW
69,ungrounded,MANUAL_REVIEW
70,grounded,EMIT
71,grounded,MANUAL_REVIEW
72,grounded,EMIT
73,grounded,EMIT
74,grounded,EMIT
75,injection,MANUAL_REVIEW
76,grounded,EMIT
77,ungrounded,MANUAL_REVIEW
78,ungrounded,MANUAL_REVIEW
79,ungrounded,EMIT
80,grounded,EMIT
81,injection,MANUAL_REVIEW
82,grounded,EMIT
83,grounded,EMIT
84,grounded,EMIT
85,grounded,EMIT
86,ungrounded,MANUAL_REVIEW
87,ungrounded,MANUAL_REVIEW
88,injection,MANUAL_REVIEW
89,ungrounded,MANUAL_REVIEW
90,ungrounded,MANUAL_REVIEW
91,grounded,EMIT
92,injection,MANUAL_REVIEW
93,ungrounded,MANUAL_REVIEW
94,grounded,EMIT
95,grounded,MANUAL_REVIEW
96,ungrounded,MANUAL_REVIEW
97,ungrounded,MANUAL_REVIEW
98,injection,MANUAL_REVIEW
99,ungrounded,EMIT
100,grounded,EMIT
101,injection,MANUAL_REVIEW
102,ungrounded,MANUAL_REVIEW
103,grounded,EMIT
104,grounded,EMIT
105,grounded,EMIT
106,grounded,EMIT
107,injection,MANUAL_REVIEW
108,injection,MANUAL_REVIEW
109,grounded,EMIT
110,ungrounded,MANUAL_REVIEW
111,grounded,EMIT
112,ungrounded,EMIT
113,grounded,EMIT
114,injection,MANUAL_REVIEW
115,grounded,MANUAL_REVIEW
116,ungrounded,EMIT
117,ungrounded,MANUAL_REVIEW
118,grounded,EMIT
119,injection,MANUAL_REVIEW
120,grounded,EMIT
121,grounded,EMIT
122,injection,MANUAL_REVIEW
123,grounded,EMIT
124,grounded,MANUAL_REVIEW
125,grounded,EMIT
126,injection,MANUAL_REVIEW
127,grounded,EMIT
128,ungrounded,MANUAL_REVIEW
129,grounded,MANUAL_REVIEW
130,injection,MANUAL_REVIEW
131,ungrounded,MANUAL_REVIEW
132,ungrounded,MANUAL_REVIEW
133,injection,MANUAL_REVIEW
134,injection,MANUAL_REVIEW
135,injection,MANUAL_REVIEW
136,ungrounded,MANUAL_REVIEW
137,ungrounded,MANUAL_REVIEW
138,grounded,EMIT
139,grounded,EMIT
140,grounded,EMIT
141,injection,MANUAL_REVIEW
142,injection,MANUAL_REVIEW
143,ungrounded,MANUAL_REVIEW
144,ungrounded,EMIT
145,grounded,EMIT
146,ungrounded,MANUAL_REVIEW
147,injection,MANUAL_REVIEW
148,grounded,EMIT
149,ungrounded,EMIT
150,injection,MANUAL_REVIEW
151,grounded,MANUAL_REVIEW
152,injection,MANUAL_REVIEW
153,ungrounded,EMIT
154,grounded,EMIT
155,ungrounded,MANUAL_REVIEW
156,ungrounded,EMIT
157,ungrounded,EMIT
158,grounded,EMIT
159,grounded,EMIT
160,grounded,EMIT
161,grounded,EMIT
162,grounded,EMIT
163,grounded,MANUAL_REVIEW
164,injection,MANUAL_REVIEW
165,grounded,EMIT
166,grounded,EMIT
167,grounded,EMIT
168,grounded,EMIT
169,grounded,MANUAL_REVIEW
170,grounded,EMIT
171,ungrounded,MANUAL_REVIEW
172,ungrounded,EMIT
173,injection,MANUAL_REVIEW
174,grounded,EMIT
175,ungrounded,EMIT
176,ungrounded,MANUAL_REVIEW
177,ungrounded,MANUAL_REVIEW
178,ungrounded,MANUAL_REVIEW
179,grounded,EMIT
180,ungrounded,EMIT
181,ungrounded,MANUAL_REVIEW
182,injection,MANUAL_REVIEW
183,injection,MANUAL_REVIEW
184,injection,MANUAL_REVIEW
185,ungrounded,MANUAL_REVIEW
186,grounded,EMIT
187,grounded,EMIT
188,grounded,MANUAL_REVIEW
189,injection,MANUAL_REVIEW
190,ungrounded,EMIT
191,grounded,EMIT
192,injection,MANUAL_REVIEW
193,injection,MANUAL_REVIEW
194,injection,MANUAL_REVIEW
195,injection,MANUAL_REVIEW
196,ungrounded,MANUAL_REVIEW
197,grounded,EMIT
198,grounded,EMIT
199,grounded,MANUAL_REVIEW
200,ungrounded,EMIT
201,grounded,MANUAL_REVIEW
202,grounded,EMIT
203,grounded,EMIT
204,injection,MANUAL_REVIEW
205,ungrounded,EMIT
206,injection,MANUAL_REVIEW
207,grounded,EMIT
208,grounded,EMIT
209,grounded,EMIT
210,grounded,EMIT
211,ungrounded,EMIT
212,grounded,EMIT
213,grounded,EMIT
214,grounded,EMIT
215,grounded,EMIT
216,ungrounded,MANUAL_REVIEW
217,grounded,EMIT
218,ungrounded,MANUAL_REVIEW
219,grounded,EMIT
220,grounded,EMIT
221,ungrounded,EMIT
222,injection,MANUAL_REVIEW
223,grounded,EMIT
224,ungrounded,MANUAL_REVIEW
225,injection,MANUAL_REVIEW
226,ungrounded,EMIT
227,ungrounded,EMIT
228,injection,MANUAL_REVIEW
229,injection,MANUAL_REVIEW
230,grounded,EMIT
231,ungrounded,MANUAL_REVIEW
232,injection,MANUAL_REVIEW
233,ungrounded,EMIT
234,grounded,EMIT
235,grounded,EMIT
236,grounded,EMIT
237,ungrounded,MANUAL_REVIEW
238,grounded,EMIT
239,grounded,MANUAL_REVIEW
240,injection,MANUAL_REVIEW
241,ungrounded,MANUAL_REVIEW
242,injection,MANUAL_REVIEW
243,grounded,EMIT
244,ungrounded,MANUAL_REVIEW
245,ungrounded,MANUAL_REVIEW
246,injection,MANUAL_REVIEW
247,injection,MANUAL_REVIEW
248,grounded,EMIT
249,grounded,EMIT
250,grounded,EMIT
251,grounded,EMIT
252,grounded,EMIT
253,grounded,EMIT
254,grounded,EMIT
255,grounded,EMIT
256,grounded,EMIT
257,injection,MANUAL_REVIEW
258,injection,MANUAL_REVIEW
259,injection,MANUAL_REVIEW
260,grounded,EMIT
261,injection,MANUAL_REVIEW
262,grounded,MANUAL_REVIEW
263,grounded,EMIT
264,grounded,EMIT
265,injection,MANUAL_REVIEW
266,grounded,EMIT
267,grounded,MANUAL_REVIEW
268,injection,MANUAL_REVIEW
269,injection,MANUAL_REVIEW
270,injection,MANUAL_REVIEW
271,injection,MANUAL_REVIEW
272,injection,MANUAL_REVIEW
273,grounded,EMIT
274,grounded,EMIT
275,injection,MANUAL_REVIEW
276,grounded,EMIT
277,grounded,EMIT
278,grounded,EMIT
279,grounded,EMIT
280,injection,MANUAL_REVIEW
281,grounded,EMIT
282,grounded,EMIT
283,ungrounded,MANUAL_REVIEW
284,grounded,EMIT
285,injection,MANUAL_REVIEW
286,grounded,EMIT
287,injection,MANUAL_REVIEW
288,grounded,EMIT
289,ungrounded,MANUAL_REVIEW
290,grounded,EMIT
291,injection,MANUAL_REVIEW
292,grounded,EMIT
293,ungrounded,EMIT
294,grounded,EMIT
295,injection,MANUAL_REVIEW
296,grounded,EMIT
297,ungrounded,MANUAL_REVIEW
298,injection,MANUAL_REVIEW
299,grounded,MANUAL_REVIEW
300,ungrounded,EMIT
